<?xml version="1.0" encoding="UTF-8"?>
<rss version="2.0" xmlns:atom="http://www.w3.org/2005/Atom">
  <channel>
    <title>insane.jpg</title>
    <description>🎬 i make siege youtube videos</description>
    <link>https://insane.pw</link>
    <atom:link href="https://insane.pw/feed.xml" rel="self" type="application/rss+xml"/>
    <pubDate>Mon, 29 Oct 2018 13:10:50 -0400</pubDate>
    <lastBuildDate>Mon, 29 Oct 2018 13:10:50 -0400</lastBuildDate>
    <generator>Jekyll v3.8.4</generator>
    
      <item>
        <title>how to beat the mad house challenge (60 kills) in 24 hours</title>
        <description>&lt;p&gt;it’s easy! there’s really nothing to it. just follow these quick and simple steps to not only unlock the new exclusive crimsonvale loot boxes… but become a millionaire in the process!&lt;/p&gt;
</description>
        <pubDate>Sat, 27 Oct 2018 00:00:00 -0400</pubDate>
        <link>https://insane.pw/2018/10/27/mad-house-challenge/</link>
        <guid isPermaLink="true">https://insane.pw/2018/10/27/mad-house-challenge/</guid>
        
        
      </item>
    
      <item>
        <title>redemption rounds</title>
        <description>&lt;p&gt;thank god the losing streak is finally over. time for redemption rounds, starring casual teammates who seriously hate everybody&lt;/p&gt;
</description>
        <pubDate>Wed, 24 Oct 2018 00:00:00 -0400</pubDate>
        <link>https://insane.pw/2018/10/24/redemption-rounds/</link>
        <guid isPermaLink="true">https://insane.pw/2018/10/24/redemption-rounds/</guid>
        
        
      </item>
    
      <item>
        <title>sweaty casuals amirite</title>
        <description>&lt;p&gt;I had a bad day. but there’s always some way to come back in siege… this time sweating it out with some really ridiculous situations in casual.&lt;/p&gt;
</description>
        <pubDate>Tue, 23 Oct 2018 00:00:00 -0400</pubDate>
        <link>https://insane.pw/2018/10/23/sweaty-casuals-amirite-Copy/</link>
        <guid isPermaLink="true">https://insane.pw/2018/10/23/sweaty-casuals-amirite-Copy/</guid>
        
        
      </item>
    
      <item>
        <title>fast paced early morning kills</title>
        <description>&lt;p&gt;keeping the baddies in a corner and rushing the objective in more ranked matches. well some ranked matches, like 50/50 I think…&lt;/p&gt;
</description>
        <pubDate>Mon, 22 Oct 2018 00:00:00 -0400</pubDate>
        <link>https://insane.pw/2018/10/22/fast-paced-early-morning-kills/</link>
        <guid isPermaLink="true">https://insane.pw/2018/10/22/fast-paced-early-morning-kills/</guid>
        
        
      </item>
    
      <item>
        <title>how 2 carry the team</title>
        <description>&lt;p&gt;a monopoly on kills means a lot of carries… but you always get punished bad in ranked. still gonna get to plat tho I swear&lt;/p&gt;
</description>
        <pubDate>Sun, 21 Oct 2018 00:00:00 -0400</pubDate>
        <link>https://insane.pw/2018/10/21/how-2-carry-the-team/</link>
        <guid isPermaLink="true">https://insane.pw/2018/10/21/how-2-carry-the-team/</guid>
        
        
      </item>
    
      <item>
        <title>ow ow ow headshots</title>
        <description>&lt;p&gt;unexpected headshots and another tower comeback omg&lt;/p&gt;
</description>
        <pubDate>Sat, 20 Oct 2018 00:00:00 -0400</pubDate>
        <link>https://insane.pw/2018/10/20/ow-ow-ow-headshots/</link>
        <guid isPermaLink="true">https://insane.pw/2018/10/20/ow-ow-ow-headshots/</guid>
        
        
      </item>
    
      <item>
        <title>is good toxicity a thing yet?</title>
        <description>&lt;p&gt;toxic teammates and toxic opponents, always a good mixture. still got a nice comeback on favela tho&lt;/p&gt;
</description>
        <pubDate>Fri, 19 Oct 2018 00:00:00 -0400</pubDate>
        <link>https://insane.pw/2018/10/19/is-good-toxicity-a-thing-yet/</link>
        <guid isPermaLink="true">https://insane.pw/2018/10/19/is-good-toxicity-a-thing-yet/</guid>
        
        
      </item>
    
      <item>
        <title>tower comeback shenanigans with jackal</title>
        <description>&lt;p&gt;I was about to give up, 2 rounds down on the worst map in r6… then the miraculous happens, and we pull a comeback victory, 7 straight kills&lt;/p&gt;
</description>
        <pubDate>Thu, 18 Oct 2018 00:00:00 -0400</pubDate>
        <link>https://insane.pw/2018/10/18/tower-comeback-shenanigans-with-jackal/</link>
        <guid isPermaLink="true">https://insane.pw/2018/10/18/tower-comeback-shenanigans-with-jackal/</guid>
        
        
      </item>
    
      <item>
        <title>brutal shield kills + hipfire headshots</title>
        <description>&lt;p&gt;cornering sweaty attackers with monty and rushing for that headshot&lt;/p&gt;
</description>
        <pubDate>Thu, 18 Oct 2018 00:00:00 -0400</pubDate>
        <link>https://insane.pw/2018/10/18/brutal-shield-kills-and-hipfire-headshots/</link>
        <guid isPermaLink="true">https://insane.pw/2018/10/18/brutal-shield-kills-and-hipfire-headshots/</guid>
        
        
      </item>
    
      <item>
        <title>baiting and surprising the enemy</title>
        <description>&lt;p&gt;here we are again, freaking people out with traps and peeks&lt;/p&gt;
</description>
        <pubDate>Tue, 16 Oct 2018 00:00:00 -0400</pubDate>
        <link>https://insane.pw/2018/10/16/baiting-and-surprising-the-enemy/</link>
        <guid isPermaLink="true">https://insane.pw/2018/10/16/baiting-and-surprising-the-enemy/</guid>
        
        
      </item>
    
      <item>
        <title>using peeks and drones</title>
        <description>&lt;p&gt;how to effectively disorient your opponents&lt;/p&gt;
</description>
        <pubDate>Mon, 15 Oct 2018 00:00:00 -0400</pubDate>
        <link>https://insane.pw/2018/10/15/using-peeks-and-drones/</link>
        <guid isPermaLink="true">https://insane.pw/2018/10/15/using-peeks-and-drones/</guid>
        
        
      </item>
    
      <item>
        <title>how 2 ruin ur day with shield ops</title>
        <description>&lt;p&gt;shields r hard ok guys?&lt;/p&gt;
</description>
        <pubDate>Mon, 15 Oct 2018 00:00:00 -0400</pubDate>
        <link>https://insane.pw/2018/10/15/how-2-ruin-ur-day-with-shield-ops/</link>
        <guid isPermaLink="true">https://insane.pw/2018/10/15/how-2-ruin-ur-day-with-shield-ops/</guid>
        
        
      </item>
    
  </channel>
</rss>
